<?xml version="1.0" encoding="UTF-8"?>
<template xml:space="preserve">
    <t t-extend="ListView.buttons">
            <t t-jquery="button.o_list_button_add" t-operation="after">
                    <button t-if="widget.dataset.model == 'res.partner' | widget.dataset.model == 'crm.case' | widget.dataset.model == 'crm.phone_call'"
                            type="button" class="btn btn-default btn-sm oe_add_queue_getresponse">
                        Add to MKT
                    </button>
            </t>
    </t>
    <!--<tr t-extend="ListView.row">-->
        <!--<t t-jquery="td" t-operation="append">-->
            <!--&lt;!&ndash;<t t-foreach="columns" t-as="column">&ndash;&gt;-->
                <!--&lt;!&ndash;<t t-set="number" t-value="column.type === 'integer' or column.type == 'float'"/>&ndash;&gt;-->
                <!--&lt;!&ndash;<t  t-set="modifiers" t-value="column.modifiers_for(asData)"/>&ndash;&gt;-->
                <!--&lt;!&ndash;<td t-if="!column.meta and column.invisible !== '1'" t-att-title="column.help"&ndash;&gt;-->
                    <!--&lt;!&ndash;t-attf-class="abc"&ndash;&gt;-->
                    <!--&lt;!&ndash;t-att-data-field="column.id"&ndash;&gt;-->
                    <!--&lt;!&ndash;&gt;&ndash;&gt;-->
                    <!--&lt;!&ndash;<t t-raw="render_cell(record, column)"/>&ndash;&gt;-->
                <!--&lt;!&ndash;</td >&ndash;&gt;-->

            <!--&lt;!&ndash;</t>&ndash;&gt;-->
            <!--<button t-if="is_cared"-->
                            <!--type="button" class="btn btn-default btn-sm abc">-->

                    <!--</button>-->
                <!--&lt;!&ndash;<input t-if="widget.dataset.model == 'crm.case_ref_care_time_view'" type="checkbox" checked="checked" />&ndash;&gt;-->

        <!--</t>-->
        <!--&lt;!&ndash;<t t-jquery="&gt; :last" t-operation="after">&ndash;&gt;-->
            <!--&lt;!&ndash;<button>abc</button>&ndash;&gt;-->
        <!--&lt;!&ndash;</t>&ndash;&gt;-->
    <!--</tr>-->

</template>