id,name,model_id:id,group_id:id,perm_read,perm_write,perm_create,perm_unlink
zinnia_crm_model_access_crm.case,zinnia_crm.crm.case,zinnia_crm.model_crm_case,zinnia_crm.call_center,1,1,1,
zinnia_crm_model_access_crm.phone_call,zinnia_crm.crm.phonecall,zinnia_crm.model_crm_phone_call,zinnia_crm.call_center,1,1,1,
zinnia_crm_model_access_res.partner,zinnia_crm.res.partner,zinnia_crm.model_res_partner,zinnia_crm.call_center,1,1,1,
zinnia_crm_model_access_crm.lps,zinnia_crm.crm.lps,zinnia_crm.model_crm_lps,zinnia_crm.call_center,1,,,
zinnia_crm_model_access_crm.contact_type,zinnia_crm.crm.contact_type,zinnia_crm.model_crm_contact_type,zinnia_crm.call_center,1,,,
zinnia_crm_model_access_crm.phone_call_rating,zinnia_crm.crm.phone_call_rating,zinnia_crm.model_crm_phone_call_rating,zinnia_crm.call_center,1,,,
zinnia_crm_model_access_crm.phone_call_purpose,zinnia_crm.crm.phone_call_purpose,zinnia_crm.model_crm_phone_call_purpose,zinnia_crm.call_center,1,,,
zinnia_crm_model_access_crm.phone_call_type,zinnia_crm.crm.phone_call_type,zinnia_crm.model_crm_phone_call_type,zinnia_crm.call_center,1,,,
zinnia_crm_model_access_crm.maketing_campaign,zinnia_crm.crm.maketing_campaign,zinnia_crm.model_crm_maketing_campaign,zinnia_crm.call_center,1,,,
zinnia_crm_model_access_crm.service_type,zinnia_crm.crm.service_type,zinnia_crm.model_crm_service_type,zinnia_crm.call_center,1,,,
zinnia_crm_model_access_crm.maketing_channel,zinnia_crm.crm.maketing_channel,zinnia_crm.model_crm_maketing_channel,zinnia_crm.call_center,1,,,
zinnia_crm_model_access_crm.agency,zinnia_crm.crm.agency,zinnia_crm.model_crm_agency,zinnia_crm.call_center,1,,,
zinnia_crm_model_access_crm.branch,zinnia_crm.crm.branch,zinnia_crm.model_crm_branch,zinnia_crm.call_center,1,,,
zinnia_crm_model_access_crm.res_country_state,zinnia_crm.crm_res_country_state,zinnia_crm.model_res_country_state,zinnia_crm.call_center,1,,,
zinnia_crm_model_access_crm.product_product,zinnia_crm.crm_product_product,zinnia_crm.model_product_product,zinnia_crm.call_center,1,,,
zinnia_crm_model_access_crm.hr_job,zinnia_crm.crm_hr_job,zinnia_crm.model_hr_job,zinnia_crm.call_center,1,,,
zinnia_crm_model_access_crm.job_type,zinnia_crm.crm_job_type,zinnia_crm.model_crm_job_type,zinnia_crm.call_center,1,,,
zinnia_crm_model_access_crm.sms,zinnia_crm.crm_sms,zinnia_crm.model_crm_sms,zinnia_crm.call_center,1,,,
zinnia_crm_model_access_crm.sms_type,zinnia_crm.crm_sms_type,zinnia_crm.model_crm_sms_type,zinnia_crm.call_center,1,,,
zinnia_crm_model_access_crm.case_ref_care_time_view,zinnia_crm.crm_case_ref_care_time_view,zinnia_crm.model_crm_case_ref_care_time_view,zinnia_crm.call_center,1,,,
zinnia_crm_model_access_crm.partner_phone,zinnia_crm.crm_partner_phone,zinnia_crm.model_crm_partner_phone,zinnia_crm.call_center,1,,,
zinnia_crm_model_access_crm.case_log,zinnia_crm.crm_case_log,zinnia_crm.model_crm_case_log,zinnia_crm.call_center,1,,,
zinnia_crm_model_access_crm.care_time,zinnia_crm.crm_care_time,zinnia_crm.model_crm_care_time,zinnia_crm.call_center,1,,,
zinnia_crm_model_access_crm.phone_call_log,zinnia_crm.crm_phone_call_log,zinnia_crm.model_crm_phone_call_log,zinnia_crm.call_center,1,,,
zinnia_crm_model_access_crm.product_type,zinnia_crm.crm_product_type,zinnia_crm.model_crm_product_type,zinnia_crm.call_center,1,,,
zinnia_crm_model_access_crm.product_group,zinnia_crm.crm_product_group,zinnia_crm.model_crm_product_group,zinnia_crm.call_center,1,,,
zinnia_crm_model_access_crm.case_require,zinnia_crm.crm_case_require,zinnia_crm.model_crm_case_require,zinnia_crm.call_center,1,,,
,,,,,,,
,,,,,,,
,,,,,,,
,,,,,,,
zinnia_crm_model_access_crm.case_admin,zinnia_crm.crm.case,zinnia_crm.model_crm_case,zinnia_crm.admin_crm,1,1,1,1
zinnia_crm_model_access_crm.phone_call_admin,zinnia_crm.crm.phonecall,zinnia_crm.model_crm_phone_call,zinnia_crm.admin_crm,1,1,1,1
zinnia_crm_model_access_res.partner_admin,zinnia_crm.res.partner,zinnia_crm.model_res_partner,zinnia_crm.admin_crm,1,1,1,1
zinnia_crm_model_access_crm.lps_admin,zinnia_crm.crm.lps,zinnia_crm.model_crm_lps,zinnia_crm.admin_crm,1,1,1,1
zinnia_crm_model_access_crm.contact_type_admin,zinnia_crm.crm.contact_type,zinnia_crm.model_crm_contact_type,zinnia_crm.admin_crm,1,1,1,1
zinnia_crm_model_access_crm.phone_call_rating_admin,zinnia_crm.crm.phone_call_rating,zinnia_crm.model_crm_phone_call_rating,zinnia_crm.admin_crm,1,1,1,1
zinnia_crm_model_access_crm.phone_call_purpose_admin,zinnia_crm.crm.phone_call_purpose,zinnia_crm.model_crm_phone_call_purpose,zinnia_crm.admin_crm,1,1,1,1
zinnia_crm_model_access_crm.phone_call_type_admin,zinnia_crm.crm.phone_call_type,zinnia_crm.model_crm_phone_call_type,zinnia_crm.admin_crm,1,1,1,1
zinnia_crm_model_access_crm.maketing_campaign_admin,zinnia_crm.crm.maketing_campaign,zinnia_crm.model_crm_maketing_campaign,zinnia_crm.admin_crm,1,1,1,1
zinnia_crm_model_access_crm.service_type_admin,zinnia_crm.crm.service_type,zinnia_crm.model_crm_service_type,zinnia_crm.admin_crm,1,1,1,1
zinnia_crm_model_access_crm.maketing_channel_admin,zinnia_crm.crm.maketing_channel,zinnia_crm.model_crm_maketing_channel,zinnia_crm.admin_crm,1,1,1,1
zinnia_crm_model_access_crm.agency_admin,zinnia_crm.crm.agency,zinnia_crm.model_crm_agency,zinnia_crm.admin_crm,1,1,1,1
zinnia_crm_model_access_crm.branch_admin,zinnia_crm.crm.branch,zinnia_crm.model_crm_branch,zinnia_crm.admin_crm,1,1,1,1
zinnia_crm_model_access_crm.res_country_state_admin,zinnia_crm.crm_res_country_state,zinnia_crm.model_res_country_state,zinnia_crm.admin_crm,1,1,1,1
zinnia_crm_model_access_crm.product_product_admin,zinnia_crm.crm_product_product,zinnia_crm.model_product_product,zinnia_crm.admin_crm,1,1,1,1
zinnia_crm_model_access_crm.hr_job_admin,zinnia_crm.crm_hr_job,zinnia_crm.model_hr_job,zinnia_crm.admin_crm,1,1,1,1
zinnia_crm_model_access_crm.job_type_admin,zinnia_crm.crm_job_type,zinnia_crm.model_crm_job_type,zinnia_crm.admin_crm,1,1,1,1
zinnia_crm_model_access_crm.sms_admin,zinnia_crm.crm_sms,zinnia_crm.model_crm_sms,zinnia_crm.admin_crm,1,1,1,1
zinnia_crm_model_access_crm.sms_type_admin,zinnia_crm.crm_sms_type,zinnia_crm.model_crm_sms_type,zinnia_crm.admin_crm,1,1,1,1
zinnia_crm_model_access_crm.case_ref_care_time_view_admin,zinnia_crm.crm_case_ref_care_time_view,zinnia_crm.model_crm_case_ref_care_time_view,zinnia_crm.admin_crm,1,1,1,1
zinnia_crm_model_access_crm.partner_phone_admin,zinnia_crm.crm_partner_phone,zinnia_crm.model_crm_partner_phone,zinnia_crm.admin_crm,1,1,1,1
zinnia_crm_model_access_crm.case_log_admin,zinnia_crm.crm_case_log,zinnia_crm.model_crm_case_log,zinnia_crm.admin_crm,1,1,1,1
zinnia_crm_model_access_crm.care_time_admin,zinnia_crm.crm_care_time,zinnia_crm.model_crm_care_time,zinnia_crm.admin_crm,1,1,1,1
zinnia_crm_model_access_crm.phone_call_log_admin,zinnia_crm.crm_phone_call_log,zinnia_crm.model_crm_phone_call_log,zinnia_crm.admin_crm,1,1,1,1
zinnia_crm_model_access_crm.product_type_admin,zinnia_crm.crm_product_type,zinnia_crm.model_crm_product_type,zinnia_crm.admin_crm,1,1,1,1
zinnia_crm_model_access_crm.product_group_admin,zinnia_crm.crm_product_group,zinnia_crm.model_crm_product_group,zinnia_crm.admin_crm,1,1,1,1
zinnia_crm_model_access_crm.case_require_admin,zinnia_crm.crm_case_require,zinnia_crm.model_crm_case_require,zinnia_crm.admin_crm,1,1,1,1
